Name,1901,1902,1903,1904,1905,1906,1907,1908,1909,1910,1911,1912,1913,1914,1915,1916,1917,1918,1919,1920,1921,1922,1923,1924,1925,1926,1927,1928,1929,1930,1931,1932,1933,1934,1935,1936,1937,1938,1939,1940,1941,1942,1943,1944,1945,1946,1947,1948,1949,1950,1951,1952,1953,1954,1955,1956,1957,1958,1959,1960,1961,1962,1963,1964,1965,1966,1967,1968,1969,1970,1971,1972,1973,1974,1975,1976,1977,1978,1979,1980,1981,1982,1983,1984,1985,1986,1987,1988,1989,1990,1991,1992,1993,1994,1995,First Year,Last Year,Tenure,Consecutive,Positions
"Wallenberg, O",,,,,,,,,,,,,,,,,,,,,,,,,,,,,,,,,,,,,,,jr.,,,jr,,,,,,,,,,,,,vice ordförande,,Styrelsens ordförande,Styrelsens ordförande,,,,Styrelsens ordförande,,,,,,,Styrelsens ordförande,Styrelsens ordförande,,,Styrelsens ordförande,,ordinarie styrelseledamot,,,,,,,,,,,,,,,,,,,,,1908,1975,45,False,jr. | jr | vice ordförande | Styrelsens ordförande | ordinarie styrelseledamot
"Karlsson, John",,,,,,,,,,,,,,,,,,,,,,,,,,,,,,,,,,,,,,,,,,,,,,,,,,,,,,,,,,,,,,,,,,,,,,,,,,,,,,,,,,,Ordinarie ledamot,Ordinarie ledamot,Ordförande,,ledamot,,Ordinarie arbetstagarrepresentanter,,Arbetstagarrepresentanter,,,,,1910,1995,30,False,ledamot | Arbetstagarrepresentanter | Ordinarie ledamot | Ordförande | Ordinarie arbetstagarrepresentanter
"Lindén, Arthur",,,,,,,,,,,,,,,,,,,,,,,,,,,,,,,,,,,,,,,,,,,,,,,,,,,,,,,,,,,,,,,,,,,,,,,,,,,,,,,,,,,,,,,,,,,,,,,,1913,1943,29,False,
"Nicolin, Curt",,,,,,,,,,,,,,,,,,,,,,,,,,,,,,,,,,,,,,,,,,,,,,,,,,,,,,,,,,,,,,Verkställande direktör,verkställande direktör,verkställande direktör,verkställande direktör,direktör,,verkställande direktör,Verkställande direktör,Verkställande direktör,Ledamot,Verkställande direktör,Verkställande direktör,tekn dr,,Styrelsens ordförande,Styrelsens ordförande,Ordförande,Styrelsens ordförande,Styrelsens ordförande,Ordförande,Ordförande,Ordförande,Ordförande,ordförande,ordförande,ordförande,Styrelsens ordförande,Styrelsens ordförande,Styrelsens ordförande,Hedersordförande,,,,,1961,1991,29,False,tekn dr | Ledamot | verkställande direktör | Verkställande direktör | direktör | Hedersordförande | Styrelsens ordförande | Ordförande | ordförande
"Vrethem, Åke",,,,,,,,,,,,,,,,,,,,,,,,,,,,,,,,,,,,,,,,,,,,,,,,,verkställande direktör,,Verkställande direktör,Verkställande direktör,Verkställande direktör,,Verkställande direktör,,Verkställande direktör,Verkställande direktör,,verkställande direktör,koncernchef,,koncernchef,koncernchef,koncernchef,tekn. dr,koncernchef,koncernchef,,,Ledamot,,,tekn dr,ordinarie styrelseledamot,,,Vice ordförande,,Verkställande direktör,Vice ordförande,,,,,,,,,,,,,,,1949,1981,28,False,tekn dr | tekn. dr | koncernchef | Ledamot | verkställande direktör | Verkställande direktör | Vice ordförande | ordinarie styrelseledamot
"SÖDERBERG, RAGNAR",,,,,,,,,,,,,,,,,,,,,,,,,,,,,,,,,,,,,,,,,,,,,,,,,,,,,,,,,,,,vice ordförande,vice ordförande,,vice ordförande,vice ordförande,vice ordförande,generalkonsul,v. ordförande,v. ordförande,v. ordförande,,Ordförande,Styrelsens ordförande,,,,,,,,,,,,,,,,,,,,,,,,1946,1973,27,False,vice ordförande | generalkonsul | Styrelsens ordförande | Ordförande | v. ordförande
"Broström, Dan-Axel",,,,,,,,,,,,,,,,,,,,,,,,,,,,,,,,,,,,,,,,,,,,,,,,,,,,,Styrelsens ordförande,,,,,,,,,,,,,skeppsredare,,Skeppsredare,,,Ledamot,,,,,,,,,,,,,,,,,,,,,,,,,1949,1973,23,False,skeppsredare | Styrelsens ordförande | Ledamot | Skeppsredare
"EDSTRÖM, J.",,,,,,,,,,,,,,,,,,,,,,,,,,,,,,,,,,,,,,,,,,,,,,,,,,,,,,,,,,,,,,,,,,,,,,,,,,,,,,,,,,,,,,,,,,,,,,,,1903,1947,23,False,
"ENSTRÖM, AXEL",,,,,,,,,,,,,,,,,,,,,,,,,,,,,,,,,,,,,,,,,,,,,,ordförande,,,,,,,,,,,,,,,,,,,,,,,,,,,,,,,,,,,,,,,,,,,,,,,,,,1922,1947,21,False,ordförande
"Wallenberg, Peter",,,,,,,,,,,,,,,,,,,,,,,,,,,,,,,,,,,,,,,,,,,,,,,,,,,,,,,,,,,,,,,,,,,,,,,,,,,,,,Ledamot,Vice ordförande,,Vice ordförande,Vice ordförande,Vice ordförande,Vice ordförande,vice ordförande,vice ordförande,vice ordförande,,Vice ordförande,,Ordförande,Styrelsens ordförande,Styrelsens ordförande,Styrelsens ordförande,Styrelsens ordförande,1976,1995,20,True,Ledamot | vice ordförande | Vice ordförande | Styrelsens ordförande | Ordförande
"Ankarcrona, Sten",,,,,,,,,,,,,,,,,,,,,,,,,,,,,,,,,,,,,,,,,,,,,,,,,,,,,,,,,,,,,,,,,,,,,,,,,,,,,,,,,,,,,,,,,,,,,,,,1915,1935,19,False,
"RAUSING, RUBEN",,,,,,,,,,,,,,,,,,,,,,,,,,,,,,,,,,,,,,,,,,,,,,,,,,,,,,,,,,,,,,,,,,med. och ekon. dr,,,,,,,,,,,,,,,,,,,,,,,,,,,,,,1946,1967,17,False,med. och ekon. dr
"Söderberg, Sven",,,,,,,,,,,,,,,,,,,,,,,,,,,,,,,,,,,,,,,,,,,,,,,,,,,,,,,,,,,,,,,,,,,,,,,,,,,,,,Arbetstagarledamot,,,Suppleanter,Suppleant,Suppleant,Ordinarie ledamot,VD,,ledamot,,Ordinarie ledamot,,,,,,,1978,1995,17,False,ledamot | Suppleanter | Arbetstagarledamot | Ordinarie ledamot | Suppleant | VD
"BERGENGREN, AXEL",,,,,,,,,,,,,,,,,,,,,,,,,,,,,,,,,,,,,,,,,,,,,,,,,,,,,,,,,,,,,,,,,,,,,,,,,,,,,,,,,,,,,,,,,,,,,,,,1931,1945,15,True,
EDSTRÖM,,,,,,,,,,,,,,,,,,,,,,,,,,,,,,,,,,,,,,Sigfrid,,,,,,,,,,,,,,,,,,,,,,,,,,,,,,,,,,,,,,,,,,,,,,,,,,,,,,,,,,1904,1948,14,False,Sigfrid
"Ericson, Thorsten",,,,,,,,,,,,,,,,,,,,,,,,,,,,,,,,,,,,,,,,,,,,,,,,,ordförande,,Styrelsens ordförande,Styrelsens ordförande,,Styrelsens ordförande,ordförande,,,,,,,,,,,,,,,,,,,,,,,,,,,,,,,,,,,,,,,,,1942,1958,13,False,ordförande | Styrelsens ordförande
"Lindström, Torsten",,,,,,,,,,,,,,,,,,,,,,,,,,,,,,,,,,,,,,,,,,,,,,,,,,,,,,,,,,,,,,,,,,,,,,,,,,,,Verkställande direktör,Verkställande direktör,verkställande direktör,,,Suppleanter,Ordinarie ledamot,Suppleant,Ordinarie ledamot,VD,,ledamot,,Ordinarie ledamot,,,,,,,1976,1990,13,False,ledamot | Suppleanter | verkställande direktör | Verkställande direktör | Ordinarie ledamot | Suppleant | VD
"Wallenberg, Marcus",,,,,,,,,,,,,,,,,,,,,,,,,,,,,,,,,,,,,,,,,,,,,,,,,vice ordförande,,,,,,,,,,,ordförande,,,ordförande,ordförande,ordförande,tekn. dr,ordförande,ordförande,,,bankdirektör,,,,,,,Hedersordförande,,,Hedersordförande,,,,,,,,,,,,,,,1944,1981,13,False,tekn. dr | Hedersordförande | vice ordförande | bankdirektör | ordförande
"Aas, Erich",,,,,,,,,,,,,,,,,,,,,,,,,,,,,,,,,,,,,,,,,,,,,,,,,,,,,,,,,,,,,,,,,,,,,,,,,,,,,,Ledamot,,,Ordinarie ledamot,Ordinarie ledamot,Ordinarie ledamot,Ordinarie ledamot,adjungerad ledamot,adjungerad ledamot,ledamot,,,,,,,,,1973,1987,11,False,ledamot | Ledamot | adjungerad ledamot | Ordinarie ledamot
"Nilsson, Alde",,,,,,,,,,,,,,,,,,,,,,,,,,,,,,,,,,,,,,,,,,,,,,,,,,,,,,,,,,,,,,,,,,,,Direktör,,,Suppleanter,,,,,,,Suppleant,,,Suppleanter,Suppleant,Suppleant,Suppleanter,VVD Produktion,,suppleant,,,,,,,,,1968,1987,10,False,Suppleanter | VVD Produktion | suppleant | Suppleant | Direktör
"Wenström, G.",,,,,,,,,,,,,,,,,,,,,,,,,,,,,,,,,,,,,,,,,,,,,,,,,,,,,,,,,,,,,,,,,,,,,,,,,,,,,,,,,,,,,,,,,,,,,,,,1901,1910,10,True,
"Berg, P",,,,,,,,,,,,,,,,,,,,,,,,,,,,,,,,,,,,,,,,,,,,,,,,,,,,,,,,,,,,,,,,,,,,,,,,,,,,,,,,,,,,,,,,,,,,,,,,1906,1921,9,False,
"Dahlbäck, Claes",,,,,,,,,,,,,,,,,,,,,,,,,,,,,,,,,,,,,,,,,,,,,,,,,,,,,,,,,,,,,,,,,,,,,,,,,,,,,,,,,,,,,VD,suppleant,suppleant,,Suppleant,,Suppleant,,,,Vice ordförande,1985,1995,9,False,Suppleant | suppleant | Vice ordförande | VD
"Westerberg, Folke",,,,,,,,,,,,,,,,,,,,,,,,,,,,,,,,,,,,,,,,,,,,,,,,,,,,,,,,,,,,,,,,,,,,,,,,,,direktör,,,,koncernchef,,,Suppleanter,Suppleant,Suppleant,Ordinarie ledamot,,,,,,,,,,,,1974,1984,9,False,Suppleanter | koncernchef | direktör | Ordinarie ledamot | Suppleant
"Andersson, Carl",,,,,,,,,,,,,,,,,,,,,,,,,,,,,,,,,,,,,,,,,,,,,,,,,,,,,,,,,,,,,,,,,,,,,,,,,,,,,,Ledamot,,,Suppleanter,Suppleant,Suppleant,Suppleanter,Gruppordförande,,,,,,,,,,,1976,1985,8,False,Suppleant | Ledamot | Suppleanter | Gruppordförande
"Murray, Walter",,,,,,,,,,,,,,,,,,,,,,,,,,,,,,,,,,,,,,,,,,,,,,,,,,,,,,,,,,,,,,,,,,,,,,,,,,,,,,,,,,,,,,,,,,,,,,,,1937,1945,8,False,
"Salen, Christer",,,,,,,,,,,,,,,,,,,,,,,,,,,,,,,,,,,,,,,,,,,,,,,,,,,,,,,,,,,,,,,,,,,,,,,,,,direktör,,,,Ledamot,,,Suppleanter,Suppleant,Suppleant,,,,,,,,,,,,,1974,1983,8,False,Suppleant | Ledamot | Suppleanter | direktör
"Barnevik, Percy",,,,,,,,,,,,,,,,,,,,,,,,,,,,,,,,,,,,,,,,,,,,,,,,,,,,,,,,,,,,,,,,,,,,,,,,,,,,,,,,,Ordinarie ledamot,Ordinarie ledamot,Ordinarie ledamot,Ordinarie ledamot,VD,,ledamot,,,,,,,,,1981,1987,7,True,ledamot | Ordinarie ledamot | VD
"HENRIQUES, W:m",,,,,,,,,,,,,,,,,,,,,,,,,,,,,,,,,,,,,,,,,,,,,,,,,,,,,,,,,,,,,,,,,,,,,,,,,,,,,,,,,,,,,,,,,,,,,,,,1921,1930,7,False,
"Högfelt, Kjell",,,,,,,,,,,,,,,,,,,,,,,,,,,,,,,,,,,,,,,,,,,,,,,,,,,,,,,,,,,,,,,,,,,,,,,,,,,,,,,,,,,,,,,,,Verkställande direktör,Verkställande direktör,,,Verkställande direktör,Verkställande direktör,Verkställande direktör,1988,1995,7,False,Verkställande direktör
"Johansson, Lennart",,,,,,,,,,,,,,,,,,,,,,,,,,,,,,,,,,,,,,,,,,,,,,,,,,,,,,,,,,,,,,,,,,,,,,,,,,,,,,,,,,,Ordinarie ledamot,Ordinarie ledamot,VD,,ledamot,,Ordinarie ledamot,,,,,,,1983,1989,7,True,ledamot | Ordinarie ledamot | VD
"Lilliecreutz, Fritz",,,,,,,,,,,,,,,,,,,,,,,,,,,,,,,,,,,,,,,,,,,,,,,,,,,,,,,,,,,,,,,,,,direktör,,,,,,,,,,,,,,,,,,,,,,,,,,,,,,1955,1966,7,False,direktör
"Norgren, Christian",,,,,,,,,,,,,,,,,,,,,,,,,,,,,,,,,,,,,,,,,,,,,,,,,,,,,,,,,,,,,,,,,,,,,,,,,,,,,,,,,,Suppleant,Suppleant,Ordinarie ledamot,VD,,ledamot,,,,,,,,,1982,1988,7,True,Suppleant | ledamot | Ordinarie ledamot | VD
"WALLENBERG jr., M",,,,,,,,,,,,,,,,,,,,,,,,,,,,,,,,,,,,,,,,,,,,,,,,,,,,,,,,,,,,,,,,,Bankdirektör,,,Bankdirektör,,,,,,,,,,,,,,,,,,,,,,,,,,,,1930,1968,7,False,Bankdirektör
"HEILBORN, Otto",,,,,,,,,,,,,,,,,,,,,,,,,,,,,,,,,,,,,,,,,,,,,,,,,,,,,,,,,,,,,,,,,,,,,,,,,,,,,,,,,,,,,,,,,,,,,,,,1902,1907,6,True,
"Henke, H.",,,,,,,,,,,,,,,,,,,,,,,,,,,,,,,,,,,,,,,,,,,,,,,,,,,,,,,,,,,,,,,,,,,,,,,,,,,,,,,,,,,,,,,,,,,,,,,,1915,1920,6,True,
"Wedin, Thord",,,,,,,,,,,,,,,,,,,,,,,,,,,,,,,,,,,,,,,,,,,,,,,,,,,,,,,,,,,,,,,,,,,,,,,,,,,,,,,,,,,,,,,,,Ordinarie arbetstagarrepresentanter,,Arbetstagarrepresentanter,,,,,1989,1994,6,True,Ordinarie arbetstagarrepresentanter | Arbetstagarrepresentanter
Berg,,,,,,,,,,,,,,,,,,,,,,,,,,,,,,,,,,,,,,,,,,,,,,,,,,,,,,,,,,,,,,,,,,,,,,,,,,,,,,,,,,,,,,,,,,,,,,,,1909,1914,5,False,
"Berggren, Björn",,,,,,,,,,,,,,,,,,,,,,,,,,,,,,,,,,,,,,,,,,,,,,,,,,,,,,,,,,,,,,,,,,,,,,,,,,,,,,konsulterande direktör,,,Suppleanter,Suppleant,Suppleant,Suppleanter,,,,,,,,,,,,1978,1984,5,False,Suppleant | konsulterande direktör | Suppleanter
"Wijkman, O.",,,,,,,,,,,,,,,,,,,,,,,,,,,,,,,,,,,,,,,,,,,,,,,,,,,,,,,,,,,,,,,,,,,,,,,,,,,,,,,,,,,,,,,,,,,,,,,,1901,1908,5,False,
"Åkerman, V.",,,,,,,,,,,,,,,,,,,,,,,,,,,,,,,,,,,,,,,,,,,,,,,,,,,,,,,,,,,,,,,,,,,,,,,,,,,,,,,,,,,,,,,,,,,,,,,,1901,1905,5,True,
"Edström, J.",,,,,,,,,,,,,,,,,,,,,,,,,,,,,,,,,,,,,,,,,,,,,,,,,,,,,,,,,,,,,,,,,,,,,,,,,,,,,,,,,,,,,,,,,,,,,,,,1905,1946,4,False,
"Edström, Johan",,,,,,,,,,,,,,,,,,,,,,,,,,,,,,,,,,,,,,,,,,,,,,,,,,,,,,,Styrelsesuppleanter,,,,,,,,,,,,,,,,,,,,,,,,,,,,,,,,,,,,,,,,,1955,1963,4,False,Styrelsesuppleanter
"Ehrnrooth, Casimir",,,,,,,,,,,,,,,,,,,,,,,,,,,,,,,,,,,,,,,,,,,,,,,,,,,,,,,,,,,,,,,,,,,,,,,,,,,,,,,,,,,,,,,ledamot,,Ordinarie ledamot,,,,,,,1987,1990,4,True,ledamot | Ordinarie ledamot
Henke,,,,,,,,,,,,,,,,,,,,,,,,,,,,,,,,,,,,,,,,,,,,,,,,,,,,,,,,,,,,,,,,,,,,,,,,,,,,,,,,,,,,,,,,,,,,,,,,1911,1914,4,True,
"Holmberg, Henry",,,,,,,,,,,,,,,,,,,,,,,,,,,,,,,,,,,,,,,,,,,,,,,,,,,,,,,,,,,,,,,,,,,,,,,,,,,,,,,,,,,,,Vice ordförande,styrelseledamot,suppleant,,Suppleanter,,,,,,,1985,1989,4,False,Vice ordförande | suppleant | styrelseledamot | Suppleanter
"Winqvist, Carl-Bertil",,,,,,,,,,,,,,,,,,,,,,,,,,,,,,,,,,,,,,,,,,,,,,,,,,,,,,,,,,,,,,,,,,,,,,,,,,,,,,,,,Suppleanter,Suppleant,Suppleant,Suppleanter,,,,,,,,,,,,1981,1984,4,True,Suppleant | Suppleanter
"Andersson, Gunnar",,,,,,,,,,,,,,,,,,,,,,,,,,,,,,,,,,,,,,,,,,,,,,,,,,,,,,,,,,,,,,,,,,,,,,,,,,,,,,Suppleant,,,Ordinarie ledamot,Ordinarie ledamot,,,,,,,,,,,,,,1978,1982,3,False,Suppleant | Ordinarie ledamot
"Ankarcrona, Sten Sison",,,,,,,,,,,,,,,,,,,,,,,,,,,,,,,,,,,,,,,,,,,,,,,,,,,,,,,,,,,,,,,,,,,,,,,,,,,,,,,,,,,,,,,,,,,,,,,,1956,1962,3,False,
"ENSTRÖM, AXEL",,,,,,,,,,,,,,,,,,,,,,,,,,,,,,,,,,,,,,,,,,,,,,,,,,,,,,,,,,,,,,,,,,,,,,,,,,,,,,,,,,,,,,,,,,,,,,,,1936,1944,3,False,
"Engström, Gunnar",,,,,,,,,,,,,,,,,,,,,,,,,,,,,,,,,,,,,,,,,,,,,,,,,,,,,,,,,,,,,,,,,,,,,,,,,,,,,,,,,,,,,,suppleant,suppleant,,Suppleant,,,,,,,1986,1989,3,False,Suppleant | suppleant
HENRIQUES,,,,,,,,,,,,,,,,,,,,,,,,,,,,,,,,,,,,,,,,,,,,,,,,,,,,,,,,,,,,,,,,,,,,,,,,,,,,,,,,,,,,,,,,,,,,,,,,1923,1928,3,False,
"Hagström, Sven",,,,,,,,,,,,,,,,,,,,,,,,,,,,,,,,,,,,,,,,,,,,,,,,,,,,,,,,,,,,,,,,,,,,,,,,,,,,,,,,,,,,,,,,,,,,,,,,1956,1962,3,False,
"Löfgren, Sigurd",,,,,,,,,,,,,,,,,,,,,,,,,,,,,,,,,,,,,,,,,,,,,,,,,,,,,,,,,,,,,,,,,,,,,,,,,,,,,,,,,,,,,,,,,,,,,,,,1956,1962,3,False,
"Svedberg, Björn",,,,,,,,,,,,,,,,,,,,,,,,,,,,,,,,,,,,,,,,,,,,,,,,,,,,,,,,,,,,,,,,,,,,,,,,,,,,,,,,,,,,,,,,,,,,,,,,1991,1994,3,False,
Vrethem,,,,,,,,,,,,,,,,,,,,,,,,,,,,,,,,,,,,,,,,,,,,,,,,,,,,,,Verkställande direktör,,,,,,,,,,,,,,,,,,,,,,,,,,,,,,,,,,,,,,,,,,1950,1970,3,False,Verkställande direktör
"Douglas, GA",,,,,,,,,,,,,,,,,,,,,,,,,,,,,,,,,,,,,,,,,,,,,,,,,,,,,,,,,,,,,,,,,,,,,,,,,,,,,,,,,,,,,,,,,,,,,,,,1956,1958,2,False,
"Granström, G.",,,,,,,,,,,,,,,,,,,,,,,,,,,,,,,,,,,,,,,,,,,,,,,,,,,,,,,,,,,,,,,,,,,,,,,,,,,,,,,,,,,,,,,,,,,,,,,,1901,1902,2,True,
"Hellberg, Jan",,,,,,,,,,,,,,,,,,,,,,,,,,,,,,,,,,,,,,,,,,,,,,,,,,,,,,,,,,,,,,,,,,,,,,,,,,,,,,,,,,,,,,adjungerad ledamot,suppleant,,,,,,,,,1986,1987,2,True,suppleant | adjungerad ledamot
"Jacobsson, Åke",,,,,,,,,,,,,,,,,,,,,,,,,,,,,,,,,,,,,,,,,,,,,,,,,,,,,,,,,,,,,,,,,,,,,,,,,,,,,,,,,,,,,,,,,Ordinarie arbetstagarrepresentanter,,,,,,,1988,1989,2,True,Ordinarie arbetstagarrepresentanter
"Liander, Halvard",,,,,,,,,,,,,,,,,,,,,,,,,,,,,,,,,,,,,,,,,,,,,,,,,,,,,,,,,,,,,,,,,,,,Fil. dr,,,Suppleanter,,,,,,,,,,,,,,,,,,,,,,,,,1968,1971,2,False,Suppleanter | Fil. dr
WIJKMAN,,,FR.,,,,,,,,,,,,,,,,,,,,,,,,,,,,,,,,,,,,,,,,,,,,,,,,,,,,,,,,,,,,,,,,,,,,,,,,,,,,,,,,,,,,,,,,,,,,,1903,1904,2,True,FR.
la Cour,,,,,,,,,,,,,,,,,,,,,,,,,,,,,,,,,,,,,,,,,,,,,,,,,,,,,,,,,,,,,,,,,,,,,,,,,,,,,,,,,,,,,,,,,,,,,,,,1911,1913,2,False,
"Amnéus, Ruben",,,,,,,,,,,,,,,,,,,,,,,,,,,,,,,,,,,,,,,,,,,,,,,,,,,,,,,,,,,,,,,,,,,,,,,,,,,,,,,,,,,,,,,,,,,,,,,,1953,1953,1,True,
Ankarcrona,,,,,,,,,,,,,,,,,,,,,,,,,,,,,,,,,,,,,,,,,,,,,,,,,,,,,,,,,,,,,,,,,,,,,,,,,,,,,,,,,,,,,,,,,,,,,,,,1914,1914,1,True,
"Axelsson, Pär",,,,,,,,,,,,,,,,,,,,,,,,,,,,,,,,,,,,,,,,,,,,,,,,,,,,,,,,,,,,,,,,,,,,,,,,,,,,,,,,,,,,,,,,,,,,,,,,1973,1973,1,True,
Broström,,,,,,,,,,,,,,,,,,,,,,,,,,,,,,,,,,,,,,,,,,,,,,,,,,,,,,,,,,,,,,,,,,,,,,,,,,,,,,,,,,,,,,,,,,,,,,,,1970,1970,1,True,
Cour,,,,,,,,,,,,la Cour,,,,,,,,,,,,,,,,,,,,,,,,,,,,,,,,,,,,,,,,,,,,,,,,,,,,,,,,,,,,,,,,,,,,,,,,,,,,,,,,,,,,1912,1912,1,True,la Cour
"EDSTRÖM, I. S.",,,,,,,,,,,,,,,,,,,,,,,,,,,,,,,,,,,,,,,,,,,,,,,,,,,,,,,,,,,,,,,,,,,,,,,,,,,,,,,,,,,,,,,,,,,,,,,,1918,1918,1,True,
ENSTRÖM,,,,,,,,,,,,,,,,,,,,,,,,,,,,,,,,,,,,,,,,,,,,,,,,,,,,,,,,,,,,,,,,,,,,,,,,,,,,,,,,,,,,,,,,,,,,,,,,1928,1928,1,True,
Ericson,,,,,,,,,,,,,,,,,,,,,,,,,,,,,,,,,,,,,,,,,,,,,,,,,,,,,,,,,,,,,,,,,,,,,,,,,,,,,,,,,,,,,,,,,,,,,,,,1948,1948,1,True,
"Ericson, Thorsten",,,,,,,,,,,,,,,,,,,,,,,,,,,,,,,,,,,,,,,,,,,,,,,,,,,,,,,,,,,,,,,,,,,,,,,,,,,,,,,,,,,,,,,,,,,,,,,,1944,1944,1,True,
"Fredholm, John",,,,,,,,,,,,,,,,,,,,,,,,,,,,,,,,,,,,,,,,,,,,,,,,,,,,,,,,,,,,,,,,,,,,,,,,,,,,,,,,,,,,,,,,,,,,,,,,1909,1909,1,True,
"Fredholm, John",,,,,,,,,,,,,,,,,,,,,,,,,,,,,,,,,,,,,,,,,,,,,,,,,,,,,,,,,,,,,,,,,,,,,,,,,,,,,,,,,,,,,,,,,,,,,,,,1911,1911,1,True,
"Gyllensvärd, Sven",,,,,,,,,,,,,,,,,,,,,,,,,,,,,,,,,,,,,,,,,,,,,,,,,,,,,,,,,,,,,,,,,,,,,,,,,,,,,,,,,,,,,,,,,,,,,,,,1901,1901,1,True,
Jr.,,,,,,,,,,,,,,,,,,,,,,,,,,,,,,,,,,,,,,,,,,,,,,,,,,,,,,,,,,,,,,,,,,,,,,,,,,,,,,,,,,,,,,,,,,,,,,,,1934,1934,1,True,
Karlsson,,,,,,,,,,,,,,,,,,,,,,,,,,,,,,,,,,,,,,,,,,,,,,,,,,,,,,,,,,,,,,,,,,,,,,,,,,,,,,,,,,,,,,,,,,,,,,,,1914,1914,1,True,
"Karlsson, John",,,,,,,,,,,,,,,,,,,,,,,,,,,,,,,,,,,,,,,,,,,,,,,,,,,,,,,,,,,,,,,,,,,,,,,,,,,,,,,,,,,,,,,,,,,,,,,,1911,1911,1,True,
"LINDÉN, ARTHUR",,,,,,,,,,,,,,,,,,,,,,,,,,,,,,,,,,,,,,,,,,,,,,,,,,,,,,,,,,,,,,,,,,,,,,,,,,,,,,,,,,,,,,,,,,,,,,,,1936,1936,1,True,
"Lindstr\u00f6m, Torsten",,,,,,,,,,,,,,,,,,,,,,,,,,,,,,,,,,,,,,,,,,,,,,,,,,,,,,,,,,,,,,,,,,,,,,,,,,,,,,,verkst\u00e4llande direkt\u00f6r,,,,,,,,,,,,,,,,,1979,1979,1,True,verkst\u00e4llande direkt\u00f6r
Lindström,,,,,,,,,,,,,,,,,,,,,,,,,,,,,,,,,,,,,,,,,,,,,,,,,,,,,,,,,,,,,,,,,,,,,,,,,,,ordinarie styrelseledamot,,,,,,,,,,,,,,,,,,,,,1975,1975,1,True,ordinarie styrelseledamot
Lindén,,,,,,,,,,,,,,,,,,,,,,,,,,,,,,,,,,,,,,,,,,,,,,,,,,,,,,,,,,,,,,,,,,,,,,,,,,,,,,,,,,,,,,,,,,,,,,,,1914,1914,1,True,
Millington,,,,,,,,,,,,,,,,,,,,,,,,,,,,,,,,,,,,,,,,,,,,,,,,,,,,,,,,,,,,,,,,,,,,,,,,,,,,,,,,,,,,,,,,,,,,,,,,1953,1953,1,True,
"Moberg, Wilhelm",,,,,,,,,,,,,,,,,,,,,,,,,,,,,,,,,,,,,,,,,,,,,,,,,,,,,,,,,,,,,,,,,,,,,,,,,,,,,,,,,,,,,,,,,,,,,,,,1962,1962,1,True,
"Murray, Walter",,,,,,,,,,,,,,,,,,,,,,,,,,,,,,,,,,,,,,,,,,,,,,,,,,,,,,,,,,,,,,,,,,,,,,,,,,,,,,,,,,,,,,,,,,,,,,,,1944,1944,1,True,
Nicolin,,,,,,,,,,,,,,,,,,,,,,,,,,,,,,,,,,,,,,,,,,,,,,,,,,,,,,,,,,,,,,,,,,,,,,,,,,,ordinarie styrelseledamot,,,,,,,,,,,,,,,,,,,,,1975,1975,1,True,ordinarie styrelseledamot
Nilsson,,,,,,,,,,,,,,,,,,,,,,,,,,,,,,,,,,,,,,,,,,,,,,,,,,,,,,,,,,,,,,,,,,,,,,,,,,,styrelsesuppleant,,,,,,,,,,,,,,,,,,,,,1975,1975,1,True,styrelsesuppleant
"Nilsson, Dan",,,,,,,,,,,,,,,,,,,,,,,,,,,,,,,,,,,,,,,,,,,,,,,,,,,,,,,,,,,,,,,,,,,,,,,,,,,,,,,,,,,,,,,,,Suppleanter,,,,,,,1989,1989,1,True,Suppleanter
"Nilsson, Karl",,,,,,,,,,,,,,,,,,,,,,,,,,,,,,,,,,,,,,,,,,,,,,,,,,,,,,,,,,,,,,,,,,,,,,,,,,,,,,,,,,,,,,,,,,,,,,,,1961,1961,1,True,
"S\u00f6derberg, Sven",,,,,,,,,,,,,,,,,,,,,,,,,,,,,,,,,,,,,,,,,,,,,,,,,,,,,,,,,,,,,,,,,,,,,,,,,,,,,,,,,,,,,,,,,,,,,,,,1979,1979,1,True,
Salén,,,,,,,,,,,,,,,,,,,,,,,,,,,,,,,,,,,,,,,,,,,,,,,,,,,,,,,,,,,,,,,,,,,,,,,,,,,ordinarie styrelseledamot,,,,,,,,,,,,,,,,,,,,,1975,1975,1,True,ordinarie styrelseledamot
"Selfors, Mats-Åke",,,,,,,,,,,,,,,,,,,,,,,,,,,,,,,,,,,,,,,,,,,,,,,,,,,,,,,,,,,,,,,,,,,,,,,,,,,,,,,,,,,,,,,,,Suppleanter,,,,,,,1989,1989,1,True,Suppleanter
Söderberg,,,,,,,,,,,,,,,,,,,,,,,,,,,,,,,,,,,,,,,,,,,,,,,,,,,,,,,,,,,,,,,,,,,,,,,,,,,styrelsesuppleant,,,,,,,,,,,,,,,,,,,,,1975,1975,1,True,styrelsesuppleant
"Tottie, Theodor",,,,,,,,,,,,,,,,,,,,,,,,,,,,,,,,,,,,,,,,,,,,,,,,,,,,,,,,,,,,,,,,,,,,,,,,,,,,,,,,,,,,,,,,,,,,,,,,1953,1953,1,True,
"Vrethem, \u00c5ke",,,,,,,,,,,,,,,,,,,,,,,,,,,,,,,,,,,,,,,,,,,,,,,,,,,,,,,,,,,,,,,,,,,,,,,,,,,,,,,Vice ordförande,,,,,,,,,,,,,,,,,1979,1979,1,True,Vice ordförande
"Wallenberg, Herr",,,,,,,,,,,,,,,,,,,,,,,,,,,,,,,,,,,,,,,,,,,,,,,,,,,,,,,,,,,,,,,,,,,,,,,,,,styrelsens ordförande,,,,,,,,,,,,,,,,,,,,,,1974,1974,1,True,styrelsens ordförande
Westerberg,,,,,,,,,,,,,,,,,,,,,,,,,,,,,,,,,,,,,,,,,,,,,,,,,,,,,,,,,,,,,,,,,,,,,,,,,,,ordinarie styrelseledamot,,,,,,,,,,,,,,,,,,,,,1975,1975,1,True,ordinarie styrelseledamot
