Name,1900,1901,1902,1903,1904,1905,1906,1907,1908,1909,1910,1911,1912,1913,1914,1915,1916,1917,1918,1919,1920,1921,1922,1923,1924,1925,1926,1927,1928,1929,1930,1931,1932,1933,1934,1935,1936,1937,1938,1939,1940,1941,1942,1943,1944,1945,1946,1947,1948,1949,1950,1951,1952,1953,1954,1955,1956,1957,1958,1959,1960,1961,1962,1963,1964,1965,1966,1967,1968,1969,1970,1971,1972,1973,1974,1975,1976,1977,1978,1979,1980,1981,1982,1983,1984,1985,First Year,Last Year,Tenure,Consecutive,Positions
"Sterner, Nils",,,,,,,,,,,,,,,,,,,,,,,,,,,,,,,,,,,,,,,,,,,,,,,,,,,,,,,,,,,ordf.,"generalkonsul, Uppsala, ordf.","generalkonsul, Uppsala, ordf.","generalkonsul, ordf.","generalkonsul, ordf.","generalkonsul, ordf.",ordf.,ordf.,"generalkonsul, Uppsala, ordf.","generalkonsul, Uppsala, ordf.","generalkonsul, ordf.",ordf.,,,,,,,,,,,,,,,,,1932,1969,38,True,"ordf. | generalkonsul, ordf. | generalkonsul, Uppsala, ordf."
"Hæggström, Göran",,,,,,,,,,,,,,,,,,,,,,,,,,,,,,,,,,,,,,,,,,,,,,,,,,,,,,,,,,,v. ordf.,"direktör, Uppsala, v. ordf.","direktör, Uppsala, v. ordf.","direktör, v. ordf.","direktör, v. ordf.","direktör, v. ordf.",v. ordf.,v. ordf.,"direktör, Uppsala, v. ordf.","direktör, Uppsala, v. ordf.","direktör, v. ordf.",v. ordf.,ordförande,ordförande,ordförande,ordförande,ordförande,ordförande,ordförande,ordförande,ordförande,ordförande,ordförande,ordförande,ordförande,chairman,,,1946,1983,37,False,"direktör, Uppsala, v. ordf. | chairman | v. ordf. | direktör, v. ordf. | ordförande"
"Reuterskiöld, Gustaf",,,,,,,,,,,,,,,,,,,,,,,,,,,,,,,,,,,,,,,,,,,,,,,,,,,,,,,,,,,verkst. direktör,"bankdirektör, Uppsala, verkst. direktör","bankdirektör, Uppsala, verkst. direktör","bankdirektör, verkst. direktör","bankdirektör, verkst. direktör","bankdirektör, verkst. direktör","verkst, direktör","bankdirektör, verkst, direktör","bankdirektör, Uppsala, verkst. direktör","bankdirektör, Uppsala, verkst. direktör","bankdirektör, verkst. direktör",verkst. direktör,verkst. direktör,verkst. direktör,verkst. direktör,v. ordförande,vice ordförande,vice ordförande,vice ordförande,vice ordförande,,,,,,,,,1951,1977,27,True,"verkst. direktör | vice ordförande | verkst, direktör | bankdirektör, verkst, direktör | bankdirektör, Uppsala, verkst. direktör | bankdirektör, verkst. direktör | v. ordförande"
"Gardtman, Hjalm.",,,,,,,,,,,,,,,,,,,,,,,,,,,,,,,,,,,,,,,,,,,,,,,,,,,,,,,,,,,,,,,,,,,,,,,,,,,,,,,,,,,,,,,1900,1929,22,False,
"Olsson, Gottfrid",,,,,,,,,,,,,,,,,,,,,,,,,,,,,,,,,,,,,,,,,,,,,,,,,,,,,,,,,,,,"direktör, Uppsala","direktör, Uppsala",direktör,direktör,direktör,,direktör,"direktör, Uppsala","direktör, Uppsala",direktör,,direktör,,,,,,,,,,,,,,,,1951,1970,20,True,"direktör | direktör, Uppsala"
"Strandberg, Anders",,,,,,,,,,,,,,,,,,,,,,,,,,,,,,,,,,,,,,,,,,,,,,,,,,,,,,,,,,,,,,,,,,,,,,,,,,,,,,,,,,,,,,,1908,1929,19,False,
"Ameln, Carl",,,,,,,,,,,,,,,,,,,,,,,,,,,,,,,,,,,,,,,,,,,,,,,,,,,,,,,,,,,,,,,,,,,,,,,,,,,,,,,,,,,,,,,1912,1931,18,False,
"Segerstedt, Torgny",,,,,,,,,,,,,,,,,,,,,,,,,,,,,,,,,,,,,,,,,,,,,,,,,,,,,,,,,,,,,,professor,professor,professor,,professor,"professor, Uppsala","professor, Uppsala",professor,,professor,,,,"professor, Rector Magnificus",,,,,,,,,,,,1961,1978,18,True,"professor, Rector Magnificus | professor | professor, Uppsala"
"Göth, H.",,,,,,,,,,,,,,,,,,,,,,,,,,,,,,,,,,,,,,,,,,,,,,,,,,,,,,,,,,,,"civilingeniör, Uppsala","civilingeniör, Uppsala",civilingeniör,civilingeniör,civilingeniör,,civilingeniör,"civilingeniör, Uppsala","civilingeniör, Uppsala",civilingeniör,,,,,,f d verkst direktör,,,,,,,,,,,,1956,1974,17,False,"civilingeniör | f d verkst direktör | civilingeniör, Uppsala"
"Bagge, Erland",,,,,,,,,,,,,,,,,,,,,,,,,,,,,,,,,,,,,,,,,,,,,,,,,,,,,,,,,,,,,,,,bankdirektör,,,"bankdirektör, Stockholm","bankdirektör, Stockholm",bankdirektör,,,,,,bankdirektör,,bankdirektör,,,,bankdirektör,,,,,,1963,1983,16,False,"bankdirektör | bankdirektör, Stockholm"
"Ericsson, John",,,,,,,,,,,,,,,,,,,,,,,,,,,,,,,,,,,,,,,,,,,,,,,,,,,,,,,,,,,,,,,,,,,,,,,,,,,,,,,,,,,,,,,1932,1947,16,True,
"Bahr, Johan",,,,,,,,,,,,,,,,,,,,,,,,,,,,,,,,,,,,,,,,,,,,,,,,,,,,,,,,,,,,,,,,,,,,,,,,,,,,,,,,,,,,,,,1909,1927,15,False,
"Hedin, Karl",,,,,,,,,,,,,,,,,,,,,,,,,,,,,,,,,,,,,,,,,,,,,,,,,,,,,,,,,,,,,,,,,,,,,,,,,,,,,,,,,,,,,,,1940,1955,15,False,
"Lovén, Henrik",,,,,,,,,,,,,,,,,,,,,,,,,,,,,,,,,,,,,,,,,,,,,,,,,,,,,,,,,,,,,,,,,,,,,lantmästare,,,,,,lantmästare,,,,,,lantmästare,,,,,,1968,1985,14,False,lantmästare
"Stiernstedt, Lennart",,,,,,,,,,,,,,,,,,,,,,,,,,,,,,,,,,,,,,,,,,,,,,,,,,,,,,,,,,,,,,"friherre, riksdagsman","friherre, riksdagsman","friherre, riksdagsman",,"friherre, landstingsråd","friherre, landstingsråd, Knivsta","friherre, landstingsråd, Knivsta","friherre, landstingsråd",,landstingsråd,,,,"friherre, f d landstingsråd",,,,,,,,,,,,1961,1974,14,True,"friherre, f d landstingsråd | landstingsråd | friherre, landstingsråd, Knivsta | friherre, riksdagsman | friherre, landstingsråd"
"Åström, John",,,,,,,,,,,,,,,,,,,,,,,,,,,,,,,,,,,,,,,,,,,,,,,,,,,,,,,,,,,,,,,,,,,,,,,,,,,,,,,,,,,,,,,1915,1929,14,False,
"Ericson, Axel",,,,,,,,,,,,,,,,,,,,,,,,,,,,,,,,,,,,,,,,,,,,,,,,,,,,,,,,,,,,,,,,,,,,,,,,,,,,,,,,,,,,,,,1917,1931,13,False,
"Lundh, Gunnar",,,,,,,,,,,,,,,,,,,,,,,,,,,,,,,,,,,,,,,,,,,,,,,,,,,,,,,,,,,,,,,,,,,,,,,,,,verkställande direktör,"bankdirektör, verkst direktör",,bankdirektör,"bankdirektör, verkst direktör",verkställande direktör,verkställande direktör,verkställande direktör,verkställande direktör,verkställande direktör,verkställande direktör,verkställande direktör,,1973,1985,13,True,"bankdirektör | bankdirektör, verkst direktör | verkställande direktör"
"Palmquist, Gust.",,,,,,,,,,,,,,,,,,,,,,,,,,,,,,,,,,,,,,,,,,,,,,,,,,,,,,,,,,,,,,,,,,,,,,,,,,,,,,,,,,,,,,,1917,1931,13,False,
"Strandberg, Svante",,,,,,,,,,,,,,,,,,,,,,,,,,,,,,,,,,,,,,,,,,,,,,,,,,,,,,,,,,,,,,,,,,,,,,,,,,,,,,,,,,,,,,,1931,1944,13,False,
"Virding, Gösta",,,,,,,,,,,,,,,,,,,,,,,,,,,,,,,,,,,,,,,,,,,,,,,,,,,,,,,,,,,,,,,,,,,,,,,,,,,verkst direktör,,,,vice ordförande,vice ordförande,vice ordförande,vice ordförande,vice ordförande,vice ordförande,,,1971,1983,13,True,verkst direktör | vice ordförande
"Bernadotte af Wisborg, C.",,,,,,,,,,,,,,,,,,,,,,,,,,,,,,,,,,,,,,,,,,,,,,,,,,,,,,,,,,,greve,,"greve, Vårsta",,,,,,,,,,,,,,,,,,,,,,,,,,1944,1960,12,False,"greve, Vårsta | greve"
"Brandberg, Th.",,,,,,,,,,,,,,,,,,,,,,,,,,,,,,,,,,,,,,,,,,,,,,,,,,,,,,,,,,,,,,,,,,,,,,,,,,,,,,,,,,,,,,,1915,1927,12,False,
"Frid, Bengt",,,,,,,,,,,,,,,,,,,,,,,,,,,,,,,,,,,,,,,,,,,,,,,,,,,,,,,,,,,,,,,,,,,,,,,,,,,verkst direktör,,,,,,,,,,,,1974,1985,12,True,verkst direktör
"Lindh, H.",,,,,,,,,,,,,,,,,,,,,,,,,,,,,,,,,,,,,,,,,,,,,,,,,,,,,,,,,,,,,,,,,,,,,,,,,,,,,,,,,,,,,,,1917,1934,12,False,
"Matsson, Tomas",,,,,,,,,,,,,,,,,,,,,,,,,,,,,,,,,,,,,,,,,,,,,,,,,,,,,,,,,,,,,,,,,,,,,,,,,,,,,,,,,advokat,,,,vice ordförande,vice ordförande,1975,1985,11,True,advokat | vice ordförande
"Odhnoff, W.",,,,,,,,,,,,,,,,,,,,,,,,,,,,,,,,,,,,,,,,,,,,,,,,,,,,,,,,,,,,"fil. lic., försäkringsdirektör, Stockholm","fil. lic., försäkringsdirektör, Stockholm",försäkringsdirektör,"fil. lic., försäkringsdirektör",,,,,,,,,,,,,,,,,,,,,,,,1952,1962,11,True,"försäkringsdirektör | fil. lic., försäkringsdirektör | fil. lic., försäkringsdirektör, Stockholm"
"Selander, Herbert",,,,,,,,,,,,,,,,,,,,,,,,,,,,,,,,,,,,,,,,,,,,,,,,,,,,,,,,,,,,,,,,,,,,,,,,,,,,,,,,,,,,,,,1918,1929,11,False,
"Anér, Josef",,,,,,,,,,,,,,,,,,,,,,,,,,,,,,,,,,,,,,,,,,,,,,,,,,,,,,,,,,,,,,,,,,,,,,,,,,,,,,,,,,,,,,,1933,1942,10,True,
"Källström, Ragnar",,,,,,,,,,,,,,,,,,,,,,,,,,,,,,,,,,,,,,,,,,,,,,,,,,,,,,,,,,,,"skeppsredare, Stockholm","skeppsredare, Stockholm",skeppsredare,skeppsredare,skeppsredare,,skeppsredare,"skeppsredare, Stockholm",,,,,,,,,,,,,,,,,,,,1957,1966,10,True,"skeppsredare | skeppsredare, Stockholm"
"Odhnoff, Waldemar",,,,,,,,,,,,,,,,,,,,,,,,,,,,,,,,,,,,,,,,,,,,,,,,,,,,,,,,,,,,,,,,försäkringsdirektör,,försäkringsdirektör,"försäkringsdirektör, Stockholm","fil. doktor, Stockholm","fil, doktor",,v. ordförande,v. ordförande,v. ordförande,,,,,,,,,,,,,,1963,1972,10,True,"försäkringsdirektör, Stockholm | försäkringsdirektör | fil. doktor, Stockholm | fil, doktor | v. ordförande"
"Eriksson, E. E.",,,,,,,,,,,,,,,,,,,,,,,,,,,,,,,,,,,,,,,,,,,,,,,,,,,,,,,,,,,,,,,,,,,,,,,,,,,,,,,,,,,,,,,1919,1932,9,False,
"Hæggström, Carl Z.",,,,,,,,,,,,,,,,,,,,,,,,,,,,,,,,,,,,,,,,,,,,,,,,,,,,,,,,,,,,,,,,,,,,,,,,,,,,,,,,,,,,,,,1935,1943,9,True,
"Stadenberg, G. F.",,,,,auktionskommissarien,,,,f. d. auktionskommis-,,,,,,,,,,,,,,,,,,,,,,,,,,,,,,,,,,,,,,,,,,,,,,,,,,,,,,,,,,,,,,,,,,,,,,,,,,,,,,1900,1915,9,False,f. d. auktionskommis- | auktionskommissarien
"Alsén, Hans",,,,,,,,,,,,,,,,,,,,,,,,,,,,,,,,,,,,,,,,,,,,,,,,,,,,,,,,,,,,,,,,,,,,,,,,ledamot,,,riksdagsman,,,,,,,,,,,,1971,1979,8,False,ledamot | riksdagsman
"Beck-Friis, Carl",,,,,,,,,,,,,,,,,,,,,,,,,,,,,,,,,,,,,,,,,,,,,,,,,,,,,,,,,,,,,,,,,,,,,,,,,,,,,,,,,,,,,,,1931,1939,8,False,
"Bergström, John",,,,,,,,,,,,,,,,,,,,,,,,,,,,,,,,,,,,,,,,,,,,,,,,,,,,,,,,,,,,,,,,,,,,,,,,,,,,,,,,,,,,,,,1941,1954,8,False,
"Engströmer, Thore",,,,,,,,,,,,,,,,,,,,,,,,,,,,,,,,,,,,,,,,,,,,,,,,,,,,,,,,,,,,,,,,,,,,,,,,,,,,,,,,,,,,,,,1921,1929,8,False,
"Fredrikson, Verner",,,,,,,,,,,,,,,,,,,,,,,,,,,,,,,,,,,,,,,,,,,,,,,,,,,,,,,,,,,,,,,,,,,,,,,,,,,,,,,,,,,,,,,1944,1951,8,True,
"Friesendorff, R. v.",,,,,frih,,,,frih.,,,,,,,,,,,,,,,,,,,,,,,,,,,,,,,,,,,,,,,,,,,,,,,,,,,,,,,,,,,,,,,,,,,,,,,,,,,,,,1900,1910,8,False,frih | frih.
"Hammerlund, Erik",,,,,,,,,,,,,,,,,,,,,,,,,,,,,,,,,,,,,,,,,,,,,,,,,,,,,,,,,,,,,,,,,,,,,,,,,,,verkst direktör,,,,,,,,,,,,1974,1981,8,True,verkst direktör
Kallenberg,,,,,,,,,,,,,,,,,,,,,,,,,,,,,,,,,,,,,,,,,,,,,,,,,,,,,,,,,,,,,,,,,,,,,,,,,,,,,,,,,,,,,,,1931,1938,8,True,
"Stenius, Elias",,,,,,,,,,,,,,,,,,,,,,,,,,,,,,,,,,,,,,,,,,,,,,,,,,,,,,,,,,,,,,,,,,,,,,,,,,,,,,,,,,,,,,,1933,1940,8,True,
"Thiel, A.",,,,,,,,,,,,,,,,,,,,,,,,,,,,,,,,,,,,,,,,,,,,,,,,,,,,,,,,,,,,,,,,,,,,,,,,,,,,,,,,,,,,,,,1948,1957,8,False,
"von Essen, Carl",,,,,,,,,,,,,,,,,,,,,,,,,,,,,,,,,,,,,,,,,,,,,,,,,,,,,,,,,,,greve,,"greve, Bro",greve,,greve,,greve,"greve, Bro","greve, Bro",,,,,,,,,,,,,,,,,,,1958,1967,8,False,"greve | greve, Bro"
"Almström, F.",,,,,,,,,,,,,,,,,,,,,,,,,,,,,,,,,,,,,,,,,,,,,,,,,,,,,,,,,,,,,,,,,,,,,,,,,,,,,,,,,,,,,,,1923,1930,7,False,
"Lübeck, R.",,,,,,,,,,,,,,,,,,,,,,,,,,,,,,,,,,,,,,,,,,,,,,,,,,,,,,,,,,,,,,,,,,,,,,,,,,,,,,,,,,,,,,,1940,1950,7,False,
"Ohlsson, Ivar",,,,,,,,,,,,,,,,,,,,,,,,,,,,,,,,,,,,,,,,,,,,,,,,,,,,,,,,,,,,,,,,,,,,,direktör,,,,,,disponent,,,,,,,,,,,,1968,1977,7,False,disponent | direktör
"Strömqvist, Urban",,,,,,,,,,,,,,,,,,,,,,,,,,,,,,,,,,,,,,,,,,,,,,,,,,,,,,,,,,,,,,,,,,,,,,,,,,,,,,"banktjänsteman, personalrepresentant",,,bankkamrer,,,,,,1977,1983,7,True,"bankkamrer | banktjänsteman, personalrepresentant"
"Nyqvist, Ulla",,,,,,,,,,,,,,,,,,,,,,,,,,,,,,,,,,,,,,,,,,,,,,,,,,,,,,,,,,,,,,,,,,,,,,,,,,,,,,,,,bankkamrer,,,,,,1980,1985,6,True,bankkamrer
"Samsice, E.",,,,,,,,,,,,,,,,,,,,,,,,,,,,,,,,,,,,,,,,,,,,,,,,,,,,,,,,,,,,,,,,,,,,,,,,,,,,,,,,,,,,,,,1906,1911,6,True,
"Stackell, L.",,,,,,,,,,,,,,,,,,,,,,,,,,,,,,,,,,,,,,,,,,,,,,,,,,,,,,,,,,,,,,,,,,,,,,,,,,,,,,,,,,,,,,,1917,1922,6,True,
"Wahlberg, Syen",,,,,,,,,,,,,,,,,,,,,,,,,,,,,,,,,,,,,,,,,,,,,,,,,,,,,,,,,,,,,,,,"bankdirektör, v. verkst. direktör",v. verkst. direktör,"bankdirektör, v. verkst. direktör","bankdirektör, Uppsala, v. verkst. direktör","bankdirektör, Uppsala, v. verkst. direktör","bankdirektör, u. verkst. direktör",,,,,,,,,,,,,,,,,,1963,1968,6,True,"v. verkst. direktör | bankdirektör, Uppsala, v. verkst. direktör | bankdirektör, u. verkst. direktör | bankdirektör, v. verkst. direktör"
"Andersson, E. A.",,,,,,,,,,,,,,,,,,,,,,,,,,,,,,,,,,,,,,,,,,,,,,,,,,,,,,,,,,,,,,,,,,,,,,,,,,,,,,,,,,,,,,,1933,1938,5,False,
Eriksson,,,,,,,,,,,,,,,,,,,,,,,,,,,,,,,,,,,,,,,,,,,,,,,,,,,,,,,,,,,,,,,,,,,,,,,,,,,,,,,,,,,,,,,1918,1931,5,False,
Ernfors,,,,,,,,,,,,,,,,,,,,,,,,,,,,,,,,,,,,,,,,,,,,,,,,,,,,,,,,,,,,,,,,,,,,,,,,,,,,,,,,,,,,,,,1913,1935,5,False,
"Fries, Th. M.",,,,,professoren,,,,f. d. professoren,,,,,,,,,,,,,,,,,,,,,,,,,,,,,,,,,,,,,,,,,,,,,,,,,,,,,,,,,,,,,,,,,,,,,,,,,,,,,,1900,1908,5,False,f. d. professoren | professoren
"Hedin, Lars",,,,,,,,,,,,,,,,,,,,,,,,,,,,,,,,,,,,,,,,,,,,,,,,,,,,,,,,,,,,,,,,,,,,,,,,,,,,,,,,,,,,,,,1978,1982,5,True,
"Lodin, Sven-Olof",,,,,,,,,,,,,,,,,,,,,,,,,,,,,,,,,,,,,,,,,,,,,,,,,,,,,,,,,,,,,,,,,,,,,,,,,,,,,,,,,professor,,,,,,1980,1985,5,False,professor
"Sundgren, Roland",,,,,,,,,,,,,,,,,,,,,,,,,,,,,,,,,,,,,,,,,,,,,,,,,,,,,,,,,,,,,,,,,,,,,,,,,,,,,,,,,riksdagsman,,,,,,1980,1985,5,False,riksdagsman
"Ando, Sigvard",,,,,,,,,,,,,,,,,,,,,,,,,,,,,,,,,,,,,,,,,,,,,,,,,,,,,,,,,,,,,,,,,,,,,,,,,,,,,,,,,,,,,ordförande,ordförande,1982,1985,4,True,ordförande
Gardtman,,,,,,,,,,,,,,,,,,,,,,,,,,,,,,,,,,,,,,,,,,,,,,,,,,,,,,,,,,,,,,,,,,,,,,,,,,,,,,,,,,,,,,,1904,1930,4,False,
Lindh,,,,,,,,,,,,,,,,,,,,,,,,,,,,,,,,,,,,,,,,,,,,,,,,,,,,,,,,,,,,,,,,,,,,,,,,,,,,,,,,,,,,,,,1918,1931,4,False,
Lübeck,,,,,,,,,,,,,,,,,,,,,,,,,,,,,,,,,,,,,,,,,,,,,,,,,,,,,,,,,,,,,,,,,,,,,,,,,,,,,,,,,,,,,,,1939,1949,4,False,
"Magnusson, Bengt",,,,,,,,,,,,,,,,,,,,,,,,,,,,,,,,,,,,,,,,,,,,,,,,,,,,,,,,,,,,,,,,,,,,,,,,,,,,,,,,,,,,,,,1982,1985,4,True,
Stadenberg,,,,,,,,,,,,,,,,,,,,,,,,,,,,,,,,,,,,,,,,,,,,,,,,,,,,,,,,,,,,,,,,,,,,,,,,,,,,,,,,,,,,,,,1907,1914,4,False,
"Bergman, Th.",,,,,,,,,,,,,,,,,,,,,,,,,,,,,,,,,,,,,,,,,,,,,,,,,,,,,,,,,,,,,"bankdirektör, Uppsala, v. verkst, direktör","bankdirektör, v. verkst. direktör","bankdirektör, v. verkst. direktör",,,,,,,,,,,,,,,,,,,,,,,,1960,1962,3,True,"bankdirektör, Uppsala, v. verkst, direktör | bankdirektör, v. verkst. direktör"
Bergström,,,,,,,,,,,,,,,,,,,,,,,,,,,,,,,,,,,,,,,,,,,,,,,,,,,,,,,,,,,,,,,,,,,,,,,,,,,,,,,,,,,,,,,1945,1949,3,False,
"Ericsson, Donald",,,,,,,,,,,,,,,,,,,,,,,,,,,,,,,,,,,,,,,,,,,,,,,,,,,,,,,,,,,,,,,,,,,,,,,,,,,,,,,,,,,,,,,1983,1985,3,True,
"Ernfors, O. A.",,,,,,,,,,,,,,,,,,,,,,,,,,,,,,,,,,,,,,,,,,,,,,,,,,,,,,,,,,,,,,,,,,,,,,,,,,,,,,,,,,,,,,,1933,1936,3,False,
"Herdin, K. W.",,,,,,,förste Suppleant.,,,,,,,,,,,,,,,,,,,,,,,,,,,,,,,,,,,,,,,,,,,,,,,,,,,,,,,,,,,,,,,,,,,,,,,,,,,,,,,,1900,1906,3,False,förste Suppleant.
"Hård, Anita",,,,,,,,,,,,,,,,,,,,,,,,,,,,,,,,,,,,,,,,,,,,,,,,,,,,,,,,,,,,,,,,,,,,,,,,,,,"bankkamrer, personalrepresentant",,personalrepresentant,,,,,,,,,,1974,1976,3,True,"bankkamrer, personalrepresentant | personalrepresentant"
"Lundkvist, Sven",,,,,,,,,,,,,,,,,,,,,,,,,,,,,,,,,,,,,,,,,,,,,,,,,,,,,,,,,,,,,,,,,,,,,,,,,,,"bankkamrer, personalrepresentant",,bankkamrer,,,,,,,,,,1974,1976,3,True,"bankkamrer, personalrepresentant | bankkamrer"
"Sandström, S.",,,,,,,,,,,,,,,,,,,,,,,,,,,,,,,,,,,,,,,,,,,,,,,,,,,,,,,,,,,,,,,,,,,,,,,,,,,,,,,,,,,,,,,1928,1930,3,True,
"Säwe, Pierre",,,,,,,,,,,,,,,,,,,,,,,,,,,,,,,,,,,,,,,,,,,,,,,,,,,,,,,,,,,,,,,,,,,,,,,,,,,,,,"bankkamrer, personalrepresentant",,,,,,,,,1977,1979,3,True,"bankkamrer, personalrepresentant"
"Ågren, L. G.",,,,,,,,,,,,,,,,,,,,,,,,,,,,,,,,,,,,,,,,,,,,,,,,,,,,,,,,,,,,,,,,,,,,,,,,,,,,,,,,,,,,,,,1900,1906,3,False,
Andersson,,,,,,,,,,,,,,,,,,,,,,,,,,,,,,,,,,,,,,,,,,,,,,,,,,,,,,,,,,,,,,,,,,,,,,,,,,,,,,,,,,,,,,,1937,1939,2,False,
Bahr,,,,,,,,,,,,,,,,,,,,,,,,,,,,,,,,,,,,,,,,,,,,,,,,,,,,,,,,,,,,,,,,,,,,,,,,,,,,,,,,,,,,,,,1913,1925,2,False,
"Carlsson, Mårten",,,,,,,,,,,,,,,,,,,,,,,,,,,,,,,,,,,,,,,,,,,,,,,,,,,,,,,,,,,,,,,,,,,,,,,,,,,,,,,,,,,,,,,1984,1985,2,True,
"Engströmer, Folke",,,,,,,,,,,,,,,,,,,,,,,,,,,,,,,,,,,,,,,,,,,,,,,,,,,,,,,,,,,,,,,,,,,,,,,,,,,,,,,,,,,,,,,1944,1945,2,True,
"Eriksson, L.",,,,,,,,,,,,,,,,,,,,,,,,,,,,,,,,,,,,,,,,,,,,,,,,,,,,,,,,,,,,,,,,,,,,,,,,,,,,,,,,,,,,,,,1911,1912,2,True,
"Ernfors, L.",,,,,,,,,,,,,,,,,,,,,,,,,,,,,,,,,,,,,,,,,,,,,,,,,,,,,,,,,,,,,,,,,,,,,,,,,,,,,,,,,,,,,,,1915,1916,2,True,
"Essen, Carl",,,,,,,,,,,,,,,,,,,,,,,,,,,,,,,,,,,,,,,,,,,,,,,,,,,,,,,,,,,,"greve, Bro",,,greve,,,,,,,,,,,,,,,,,,,,,,,,1959,1962,2,False,"greve | greve, Bro"
"Flodman, Carl",,,,,,,,,,,,,,,,,,,,,,,,,,,,,,,,,,,,,,,,,,,,,,,,,,,,,,,,,,,,,,,,,,,,,,,,,,,,,,,,,,,,,,,1900,1901,2,True,
Göth,,,,,,,,,,,,,,,,,,,,,,,,,,,,,,,,,,,,,,,,,,,,,,,,,,,,,,,,,,,,,,,,,,,,,,,,,,,,,,,,,,,,,,,1973,1975,2,False,
Hemming-Sjöberg,,,,,,,,,,,,,,,,,,,,,,,,,,,,,,,,,,,,,,,,,,,,,,,,,,,,,,,,,,,,,,,,,,,,,,,,,,,,,,,,,,,,,,,1931,1932,2,True,
"Holmberg, Fredr.",,,,,,,,,,,,,,,,,,,,,,,,,,,,,,,,,,,,,,,,,,,,,,,,,,,,,,,,,,,,,,,,,,,,,,,,,,,,,,,,,,,,,,,1900,1901,2,True,
"Ingeström, Bengt",,,,,,,,,,,,,,,,,,,,,,,,,,,,,,,,,,,,,,,,,,,,,,,,,,,,,,,,,,,,,,,,,,,,,,,,,,,,,,,,,,,,,,,1931,1932,2,True,
"Olsson, Per",,,,,,,,,,,,,,,,,,,,,,,,,,,,,,,,,,,,,,,,,,,,,,,,,,,,,,,,,,,,,,,,,,,,,,,,,,,,,,,,,,,,,,,1984,1985,2,True,
"Spendrup, Jens",,,,,,,,,,,,,,,,,,,,,,,,,,,,,,,,,,,,,,,,,,,,,,,,,,,,,,,,,,,,,,,,,,,,,,,,,,,,,,,,,,,,,,,1984,1985,2,True,
Strandberg,,,,,,,,,,,,,,,,,,,,,,,,,,,,,,,,,,,,,,,,,,,,,,,,,,,,,,,,,,,,,,,,,,,,,,,,,,,,,,,,,,,,,,,1913,1925,2,False,
"Söderberg, Sven",,,,,,,,,,,,,,,,,,,,,,,,,,,,,,,,,,,,,,,,,,,,,,,,,,,,,,,,,,,,,,,,,,,,,,,,,,,,,,,vice verkställande direktör,,,,,,,,1978,1984,2,False,vice verkställande direktör
Thiel,,,,,,,,,,,,,,,,,,,,,,,,,,,,,,,,,,,,,,,,,,,,,,,,,,,,,,,,,,,,,,,,,,,,,,,,,,,,,,,,,,,,,,,1949,1951,2,False,
af Wisborg,,,,,,,,,,,,,,,,,,,,,,,,,,,,,,,,,,,,,,,,,,,,,,Bernadotte,,,,,,,,,,,,,,,,,,,,,,,,,,,,,,,,,,,,,,,,,1945,1951,2,False,Bernadotte
"af Wisborg, C.",,,,,,,,,,,,,,,,,,,,,,,,,,,,,,,,,,,,,,,,,,,,,,,,,,,,,,,,C. Bernadotte,,Bernadotte,,,,,,,,,,,,,,,,,,,,,,,,,,,,,1955,1957,2,False,Bernadotte | C. Bernadotte
Ågren,,,,,,,,,,,,,,,,,,,,,,,,,,,,,,,,,,,,,,,,,,,,,,,,,,,,,,,,,,,,,,,,,,,,,,,,,,,,,,,,,,,,,,,1904,1907,2,False,
Ameln,,,,,,,,,,,,,,,,,,,,,,,,,,,,,,,,,,,,,,,,,,,,,,,,,,,,,,,,,,,,,,,,,,,,,,,,,,,,,,,,,,,,,,,1930,1930,1,True,
"Bahr, Johan",,,,,,,,,,,,,,,,,,,,,,,,,,,,,,,,,,,,,,,,,,,,,,,,,,,,,,,,,,,,,,,,,,,,,,,,,,,,,,,,,,,,,,,1915,1915,1,True,
Berggårdh,,,,,,,,,,,,,,,,,,,,,,,,,,,,,,,,,,,,,,,,,,,,,,,,,,,,,,,,,,,,,,,,,,,,,,,,,,,,,,,,,,,,,,,1951,1951,1,True,
"Bergström, J.",,,,,,,,,,,,,,,,,,,,,,,,,,,,,,,,,,,,,,,,,,,,,,,,,,,,,,,,,,,,,,,,,,,,,,,,,,,,,,,,,,,,,,,1942,1942,1,True,
"Derger, Christer",,,,,,,,,,,,,,,,,,,,,,,,,,,,,,,,,,,,,,,,,,,,,,,,,,,,,,,,,,,,,,,,,,,,,,,,,,,,,,,,,,,,,,,1985,1985,1,True,
"Edlund, Kjell",,,,,,,,,,,,,,,,,,,,,,,,,,,,,,,,,,,,,,,,,,,,,,,,,,,,,,,,,,,,,,,,,,,,,,,,,,,,,,,,,,,,,,,1984,1984,1,True,
"Ekwall, Iwar",,,,,,,,,,,,,,,,,,,,,,,,,,,,,,,,,,,,,,,,,,,,,,,,,,,,,,,,,,,,,,,,,,,,,,,,,,,,,,,,,,,,,,,1916,1916,1,True,
Engströmer,,,,,,,,,,,,,,,,,,,,,,,,,,,,,,,,,,,,,,,,,,,,,,,,,,,,,,,,,,,,,,,,,,,,,,,,,,,,,,,,,,,,,,,1930,1930,1,True,
Ericson,,,,,,,,,,,,,,,,,,,,,,,,,,,,,,,,,,,,,,,,,,,,,,,,,,,,,,,,,,,,,,,,,,,,,,,,,,,,,,,,,,,,,,,1930,1930,1,True,
"Fallenius, C.M.",,,,,,,,,,,,,,,,,,,,,,,,,,,,,,,,,,,,,,,,,,,,,,,,,,,,,,,,,,,,,,,,,,,,,,,,,,,,,,,,,,,,,,,1943,1943,1,True,
Fries,,,,,,,,,,,,,,,,,,,,,,,,,,,,,,,,,,,,,,,,,,,,,,,,,,,,,,,,,,,,,,,,,,,,,,,,,,,,,,,,,,,,,,,1907,1907,1,True,
Grönbeck,,,,,,,,,,,,,,,,,,,,,,,,,,,,,,,,,,,,,,,,,,,,,,,,,,,,,,,,,,,,,,,,,,,,,,,,,,,,,,,,,,,,,,,1901,1901,1,True,
"Göth, H.",,,,,,,,,,,,,,,,,,,,,,,,,,,,,,,,,,,,,,,,,,,,,,,,,,,,,,,,,,Elis A.,,,,,,,,,,,,,,,,,,,,,,,,,,,,,1957,1957,1,True,Elis A.
Herdin,,,,,,,,,,,,,,,,,,,,,,,,,,,,,,,,,,,,,,,,,,,,,,,,,,,,,,,,,,,,,,,,,,,,,,,,,,,,,,,,,,,,,,,1904,1904,1,True,
Hæggström,,,,,,,,,,,,,,,,,,,,,,,,,,,,,,,,,,,,,,,,,,,,,,,,,,,,,,,,,,,,,,,,,,,,,,,,,,,,,,,,,,,,,,,1930,1930,1,True,
"Hæggström, Göran",,,,,,,,,,,,,,,,,,,,,,,,,,,,,,,,,,,,,,,,,,,,,,,,,,,,,,,,,,,,,,,,,,,,,,,,,,,,,,,,,,,,,,,1955,1955,1,True,
"Högberg, Thorbjörn",,,,,,,,,,,,,,,,,,,,,,,,,,,,,,,,,,,,,,,,,,,,,,,,,,,,,,,,,,,,,,,,,,,,,,,,,,,,,,,,,,,,,,,1983,1983,1,True,
"Lindberg, Torvald",,,,,,,,,,,,,,,,,,,,,,,,,,,,,,,,,,,,,,,,,,,,,,,,,,,,,,,,,,,,,,,,,,,,,,,,,,,,,,,,,,,,,,,1931,1931,1,True,
"Lindh, Helmer",,,,,,,,,,,,,,,,,,,,,,,,,,,,,,,,,,,,,,,,,,,,,,,,,,,,,,,,,,,,,,,,,,,,,,,,,,,,,,,,,,,,,,,1925,1925,1,True,
"Löfquist, P. H.",revisor,,,,,,,,,,,,,,,,,,,,,,,,,,,,,,,,,,,,,,,,,,,,,,,,,,,,,,,,,,,,,,,,,,,,,,,,,,,,,,,,,,,,,,1900,1900,1,True,revisor
Palmquist,,,,,,,,,,,,,,,,,,,,,,,,,,,,,,,,,,,,,,,,,,,,,,,,,,,,,,,,,,,,,,,,,,,,,,,,,,,,,,,,,,,,,,,1930,1930,1,True,
Sander,,,,,,,,,,,,,,,,,,,,,,,,,,,,,,,,,,,,,,,,,,,,,,,,,,,,,,,,,,,,,,,,,,,,,,,,,,,,,,,,,,,,,,,1930,1930,1,True,
"Siljeström, H.",,,,,,,,,,,,,,,,,,,,,,,,,,,,,,,,,,,,,,,,,,,,,,,,,,,,,,,,,,,,,,,,,,,,,,,,,,,,,,,,,,,,,,,1900,1900,1,True,
"Strengberg, Carl",,,,,,,,,,,,,,,,,,,,,,,,,,,,,,,,,,,,,,,,,,,,,,,,,,,,,,,,,,,,,,,,,,,,,,,,,,,,,,,,,,,,,,,1932,1932,1,True,
Tham,,,,,,,,,,,,,,,,,,,,,,,,,,,,,,,,,,,,,,,,,,,,,,,,,,,,,,,,,,,v. verkst. direktör,,,,,,,,,,,,,,,,,,,,,,,,,,,,1958,1958,1,True,v. verkst. direktör
Ulander,,,,,,,,,,,,,,,,,,,,,,,,,,,,,,,,,,,,,,,,,,,,,,,,,,,,,,,,,,,,,,,,,,,,,,,,,,,,,,,,,,,,,,,1904,1904,1,True,
"Ulander, W:m",,,,,,,,,,,,,,,,,,,,,,,,,,,,,,,,,,,,,,,,,,,,,,,,,,,,,,,,,,,,,,,,,,,,,,,,,,,,,,,,,,,,,,,1900,1900,1,True,
"Wisborg, Carl",,,,,,,,,,,,,,,,,,,,,,,,,,,,,,,,,,,,,,,,,,,,,,,,,,,,,,,,,,,,"greve, Vårsta",,,,,,,,,,,,,,,,,,,,,,,,,,,1959,1959,1,True,"greve, Vårsta"
"Åänge, Erland",,,,,,,,,,,,,,,,,,,,,,,,,,,,,,,,,,,,,,,,,,,,,,,,,,,,,,,,,,,,,,,,,,bankdirektör,,,,,,,,,,,,,,,,,,,,,1965,1965,1,True,bankdirektör
